{
 "y_coords": [
  0.5658623992657337,
  0.5527312309014365,
  0.5525149285829113,
  0.5552903685369069,
  0.5587059378581223,
  0.5543170903416411,
  0.5601335662187056,
  0.5607461319913404,
  0.5510024746729513,
  0.5498960637429529,
  0.5543766478814363,
  0.5576401312445975,
  0.5662464908047516,
  0.569630732226693,
  0.5634179820137539,
  0.5655990327552991,
  0.5705522535974897,
  0.5708088528921267,
  0.5746252834278041,
  0.5688232940814921,
  0.5706909829408062,
  0.5711030894676987,
  0.5691661551948769,
  0.5731108312061832,
  0.5768057823278222,
  0.5797993120959806,
  0.5685587588485503,
  0.5756547664389976,
  0.571908737131918,
  0.5671680843385134,
  0.5721356567155993,
  0.5733288663864707,
  0.5655716309939695,
  0.568211267975505,
  0.5659723075107955,
  0.5674516878349593,
  0.5683580675562493,
  0.56965004341723,
  0.5712656796199953,
  0.5731925894043,
  0.5787667864938295,
  0.5773394959088103,
  0.5746773029256554,
  0.5774824660385284,
  0.5666887738836227,
  0.5671469786004804,
  0.570681892735412,
  0.5694816806375079,
  0.5700339011581552,
  0.569209861673897,
  0.5715191689637733,
  0.5729069898951509,
  0.572055930899311,
  0.5732657330330375,
  0.5750736107387797,
  0.579359798709759,
  0.569427068881133,
  0.5696976729515546,
  0.5748688380545718,
  0.5731747902189852,
  0.5764077072532016,
  0.5711160002627583,
  0.5716317696594497,
  0.5737926156442912,
  0.5735318154889897,
  0.5759331242593294,
  0.5769650538304807,
  0.5757659450353736,
  0.5788615898925775,
  0.5825029838047905,
  0.5793075366078783,
  0.5691632851971378,
  0.5669608616985294,
  0.5641790543563102,
  0.5682265233566319,
  0.5596746446752643,
  0.560325591546738,
  0.561444210085751,
  0.5647175192172662,
  0.5639402058341425,
  0.565860343867986,
  0.5701365983440569,
  0.5707054836715677,
  0.5720706146380563,
  0.5581955305319914,
  0.5582113682728799,
  0.5622394682581413,
  0.565623501413589,
  0.5624142823059042,
  0.5586947883653273,
  0.5567112569801629,
  0.5587080465122153,
  0.5562913789532868,
  0.5635632005605611,
  0.5618717325788049,
  0.5659510241818926,
  0.5677906336685806,
  0.5664720483747658,
  0.5676910812087799,
  0.5691507488848372
 ],
 "x_coords": [
  1,
  2,
  3,
  4,
  5,
  6,
  7,
  8,
  9,
  10,
  11,
  12,
  13,
  14,
  15,
  16,
  17,
  18,
  19,
  20,
  21,
  22,
  23,
  24,
  25,
  26,
  27,
  28,
  29,
  30,
  31,
  32,
  33,
  34,
  35,
  36,
  37,
  38,
  39,
  40,
  41,
  42,
  43,
  44,
  45,
  46,
  47,
  48,
  49,
  50,
  51,
  52,
  53,
  54,
  55,
  56,
  57,
  58,
  59,
  60,
  61,
  62,
  63,
  64,
  65,
  66,
  67,
  68,
  69,
  70,
  71,
  72,
  73,
  74,
  75,
  76,
  77,
  78,
  79,
  80,
  81,
  82,
  83,
  84,
  85,
  86,
  87,
  88,
  89,
  90,
  91,
  92,
  93,
  94,
  95,
  96,
  97,
  98,
  99,
  100
 ]
}